No,First Name,Last Name,Email,Join Date,Expiration Date
1,South Louisiana,Feb Match,a@b.com,1/1/1900,4/8/1900
2,South Louisiana,Feb Match,a@b.com,1/2/1900,7/18/1900
3,South Louisiana,Feb Match,a@b.com,1/3/1900,4/9/1900
4,South Louisiana,Feb Match,a@b.com,1/4/1900,4/9/1900
5,South Louisiana,Feb Match,a@b.com,1/5/1900,4/9/1900
6,South Louisiana,Feb Match,a@b.com,1/6/1900,4/9/1900
7,South Louisiana,Feb Match,a@b.com,1/7/1900,4/9/1900
8,South Louisiana,Feb Match,a@b.com,1/8/1900,4/9/1900
9,South Louisiana,Feb Match,a@b.com,1/9/1900,4/9/1900
10,South Louisiana,Feb Match,a@b.com,1/10/1900,4/9/1900
11,South Louisiana,Feb Match,a@b.com,1/11/1900,4/9/1900
12,ToastMasters,February Meeting,a@b.com,1/12/1900,4/9/1900
13,ToastMasters,February Meeting,a@b.com,1/13/1900,4/9/1900
14,ToastMasters,February Meeting,a@b.com,1/14/1900,4/9/1900
15,ToastMasters,February Meeting,a@b.com,1/15/1900,4/9/1900
16,ToastMasters,February Meeting,a@b.com,1/16/1900,4/9/1900
17,ToastMasters,February Meeting,a@b.com,1/17/1900,4/9/1900
18,ToastMasters,February Meeting,a@b.com,1/18/1900,4/9/1900
19,ToastMasters,February Meeting,a@b.com,1/19/1900,4/9/1900
20,ToastMasters,February Meeting,a@b.com,1/20/1900,4/9/1900
21,ToastMasters,February Meeting,a@b.com,1/21/1900,4/9/1900
22,ToastMasters,February Meeting,a@b.com,1/22/1900,4/9/1900
23,ToastMasters,Membership,a@b.com,1/23/1900,4/9/1900
24,ToastMasters,Membership,a@b.com,1/24/1900,4/9/1900
25,ToastMasters,Membership,a@b.com,1/25/1900,4/9/1900
26,ToastMasters,Membership,a@b.com,1/26/1900,4/9/1900
27,ToastMasters,Membership,a@b.com,1/27/1900,4/9/1900
28,ToastMasters,Membership,a@b.com,1/28/1900,4/9/1900
29,ToastMasters,Membership,a@b.com,1/29/1900,4/9/1900
30,ToastMasters,Membership,a@b.com,1/30/1900,4/9/1900
31,ToastMasters,Membership,a@b.com,1/31/1900,4/9/1900
32,ToastMasters,Membership,a@b.com,2/1/1900,4/9/1900
33,ToastMasters,Membership,a@b.com,2/2/1900,4/9/1900
34,South Louisiana IDPA,Membership,a@b.com,2/3/1900,4/9/1900
35,South Louisiana IDPA,Membership,a@b.com,2/4/1900,4/9/1900
36,South Louisiana IDPA,Membership,a@b.com,2/5/1900,4/9/1900
37,South Louisiana IDPA,Membership,a@b.com,2/6/1900,4/9/1900
38,South Louisiana IDPA,Membership,a@b.com,2/7/1900,4/9/1900
39,South Louisiana IDPA,Membership,a@b.com,2/8/1900,4/9/1900
40,South Louisiana IDPA,Membership,a@b.com,2/9/1900,4/9/1900
41,South Louisiana IDPA,Membership,a@b.com,2/10/1900,4/9/1900
42,South Louisiana IDPA,Membership,a@b.com,2/11/1900,4/9/1900
43,South Louisiana IDPA,Membership,a@b.com,2/12/1900,4/9/1900
44,South Louisiana IDPA,Membership,a@b.com,2/13/1900,4/9/1900
